filepath,filename,folder,language,discipline,tokens,sentences,pairs,tokens_per_sentence
conllu/conllu_file/de/Art/Art10_de.conllu,Art10_de.conllu,conllu/conllu_file/de/Art,de,Art,976,40,39,24.4
conllu/conllu_file/de/Art/Art11_de.conllu,Art11_de.conllu,conllu/conllu_file/de/Art,de,Art,3686,192,191,19.197916666666668
conllu/conllu_file/de/Art/Art12_de.conllu,Art12_de.conllu,conllu/conllu_file/de/Art,de,Art,3680,224,223,16.428571428571427
conllu/conllu_file/de/Art/Art13_de.conllu,Art13_de.conllu,conllu/conllu_file/de/Art,de,Art,3759,205,204,18.336585365853658
conllu/conllu_file/de/Art/Art14_de.conllu,Art14_de.conllu,conllu/conllu_file/de/Art,de,Art,2357,152,151,15.506578947368421
conllu/conllu_file/de/Art/Art15_de.conllu,Art15_de.conllu,conllu/conllu_file/de/Art,de,Art,2268,147,146,15.428571428571429
conllu/conllu_file/de/Art/Art16_de.conllu,Art16_de.conllu,conllu/conllu_file/de/Art,de,Art,4072,182,181,22.373626373626372
conllu/conllu_file/de/Art/Art1_de.conllu,Art1_de.conllu,conllu/conllu_file/de/Art,de,Art,2078,110,109,18.89090909090909
conllu/conllu_file/de/Art/Art2_de.conllu,Art2_de.conllu,conllu/conllu_file/de/Art,de,Art,2999,189,188,15.867724867724867
conllu/conllu_file/de/Art/Art3_de.conllu,Art3_de.conllu,conllu/conllu_file/de/Art,de,Art,1460,81,80,18.02469135802469
conllu/conllu_file/de/Art/Art4_de.conllu,Art4_de.conllu,conllu/conllu_file/de/Art,de,Art,1496,79,78,18.936708860759495
conllu/conllu_file/de/Art/Art5_de.conllu,Art5_de.conllu,conllu/conllu_file/de/Art,de,Art,1989,163,162,12.202453987730062
conllu/conllu_file/de/Art/Art6_de.conllu,Art6_de.conllu,conllu/conllu_file/de/Art,de,Art,1995,98,97,20.357142857142858
conllu/conllu_file/de/Art/Art7_de.conllu,Art7_de.conllu,conllu/conllu_file/de/Art,de,Art,3352,251,250,13.354581673306773
conllu/conllu_file/de/Art/Art8_de.conllu,Art8_de.conllu,conllu/conllu_file/de/Art,de,Art,1580,114,113,13.859649122807017
conllu/conllu_file/de/Art/Art9_de.conllu,Art9_de.conllu,conllu/conllu_file/de/Art,de,Art,908,67,66,13.552238805970148
conllu/conllu_file/de/Bus/Bus10_de.conllu,Bus10_de.conllu,conllu/conllu_file/de/Bus,de,Bus,3001,150,149,20.006666666666668
conllu/conllu_file/de/Bus/Bus11_de.conllu,Bus11_de.conllu,conllu/conllu_file/de/Bus,de,Bus,1956,100,99,19.56
conllu/conllu_file/de/Bus/Bus12_de.conllu,Bus12_de.conllu,conllu/conllu_file/de/Bus,de,Bus,3521,223,222,15.789237668161435
conllu/conllu_file/de/Bus/Bus13_de.conllu,Bus13_de.conllu,conllu/conllu_file/de/Bus,de,Bus,2229,121,120,18.421487603305785
conllu/conllu_file/de/Bus/Bus14_de.conllu,Bus14_de.conllu,conllu/conllu_file/de/Bus,de,Bus,2316,113,112,20.495575221238937
conllu/conllu_file/de/Bus/Bus15_de.conllu,Bus15_de.conllu,conllu/conllu_file/de/Bus,de,Bus,2129,141,140,15.099290780141844
conllu/conllu_file/de/Bus/Bus16_de.conllu,Bus16_de.conllu,conllu/conllu_file/de/Bus,de,Bus,3422,266,265,12.864661654135338
conllu/conllu_file/de/Bus/Bus1_de.conllu,Bus1_de.conllu,conllu/conllu_file/de/Bus,de,Bus,1250,73,72,17.123287671232877
conllu/conllu_file/de/Bus/Bus2_de.conllu,Bus2_de.conllu,conllu/conllu_file/de/Bus,de,Bus,2427,147,146,16.510204081632654
conllu/conllu_file/de/Bus/Bus3_de.conllu,Bus3_de.conllu,conllu/conllu_file/de/Bus,de,Bus,1876,165,164,11.36969696969697
conllu/conllu_file/de/Bus/Bus4_de.conllu,Bus4_de.conllu,conllu/conllu_file/de/Bus,de,Bus,3506,221,220,15.864253393665159
conllu/conllu_file/de/Bus/Bus5_de.conllu,Bus5_de.conllu,conllu/conllu_file/de/Bus,de,Bus,2834,157,156,18.05095541401274
conllu/conllu_file/de/Bus/Bus6_de.conllu,Bus6_de.conllu,conllu/conllu_file/de/Bus,de,Bus,935,62,61,15.080645161290322
conllu/conllu_file/de/Bus/Bus7_de.conllu,Bus7_de.conllu,conllu/conllu_file/de/Bus,de,Bus,1364,100,99,13.64
conllu/conllu_file/de/Bus/Bus8_de.conllu,Bus8_de.conllu,conllu/conllu_file/de/Bus,de,Bus,1176,92,91,12.782608695652174
conllu/conllu_file/de/Bus/Bus9_de.conllu,Bus9_de.conllu,conllu/conllu_file/de/Bus,de,Bus,1426,84,83,16.976190476190474
conllu/conllu_file/de/Edu/Edu10_de.conllu,Edu10_de.conllu,conllu/conllu_file/de/Edu,de,Edu,1995,127,126,15.708661417322835
conllu/conllu_file/de/Edu/Edu11_de.conllu,Edu11_de.conllu,conllu/conllu_file/de/Edu,de,Edu,3435,158,157,21.740506329113924
conllu/conllu_file/de/Edu/Edu12_de.conllu,Edu12_de.conllu,conllu/conllu_file/de/Edu,de,Edu,3128,223,222,14.026905829596412
conllu/conllu_file/de/Edu/Edu13_de.conllu,Edu13_de.conllu,conllu/conllu_file/de/Edu,de,Edu,3564,188,187,18.95744680851064
conllu/conllu_file/de/Edu/Edu14_de.conllu,Edu14_de.conllu,conllu/conllu_file/de/Edu,de,Edu,2587,131,130,19.748091603053435
conllu/conllu_file/de/Edu/Edu15_de.conllu,Edu15_de.conllu,conllu/conllu_file/de/Edu,de,Edu,3273,190,189,17.226315789473684
conllu/conllu_file/de/Edu/Edu1_de.conllu,Edu1_de.conllu,conllu/conllu_file/de/Edu,de,Edu,2618,172,171,15.220930232558139
conllu/conllu_file/de/Edu/Edu2_de.conllu,Edu2_de.conllu,conllu/conllu_file/de/Edu,de,Edu,1718,114,113,15.070175438596491
conllu/conllu_file/de/Edu/Edu3_de.conllu,Edu3_de.conllu,conllu/conllu_file/de/Edu,de,Edu,2614,122,121,21.42622950819672
conllu/conllu_file/de/Edu/Edu4_de.conllu,Edu4_de.conllu,conllu/conllu_file/de/Edu,de,Edu,2614,154,153,16.974025974025974
conllu/conllu_file/de/Edu/Edu5_de.conllu,Edu5_de.conllu,conllu/conllu_file/de/Edu,de,Edu,1734,117,116,14.820512820512821
conllu/conllu_file/de/Edu/Edu6_de.conllu,Edu6_de.conllu,conllu/conllu_file/de/Edu,de,Edu,2472,157,156,15.745222929936306
conllu/conllu_file/de/Edu/Edu7_de.conllu,Edu7_de.conllu,conllu/conllu_file/de/Edu,de,Edu,1929,131,130,14.725190839694656
conllu/conllu_file/de/Edu/Edu8_de.conllu,Edu8_de.conllu,conllu/conllu_file/de/Edu,de,Edu,1827,118,117,15.483050847457626
conllu/conllu_file/de/Edu/Edu9_de.conllu,Edu9_de.conllu,conllu/conllu_file/de/Edu,de,Edu,1499,75,74,19.986666666666668
conllu/conllu_file/de/Ent/Ent10_de.conllu,Ent10_de.conllu,conllu/conllu_file/de/Ent,de,Ent,1676,116,115,14.448275862068966
conllu/conllu_file/de/Ent/Ent11_de.conllu,Ent11_de.conllu,conllu/conllu_file/de/Ent,de,Ent,1351,101,100,13.376237623762377
conllu/conllu_file/de/Ent/Ent12_de.conllu,Ent12_de.conllu,conllu/conllu_file/de/Ent,de,Ent,1153,71,70,16.239436619718308
conllu/conllu_file/de/Ent/Ent13_de.conllu,Ent13_de.conllu,conllu/conllu_file/de/Ent,de,Ent,4067,252,251,16.13888888888889
conllu/conllu_file/de/Ent/Ent14_de.conllu,Ent14_de.conllu,conllu/conllu_file/de/Ent,de,Ent,3715,206,205,18.033980582524272
conllu/conllu_file/de/Ent/Ent15_de.conllu,Ent15_de.conllu,conllu/conllu_file/de/Ent,de,Ent,3251,217,216,14.981566820276498
conllu/conllu_file/de/Ent/Ent1_de.conllu,Ent1_de.conllu,conllu/conllu_file/de/Ent,de,Ent,1598,73,72,21.89041095890411
conllu/conllu_file/de/Ent/Ent2_de.conllu,Ent2_de.conllu,conllu/conllu_file/de/Ent,de,Ent,1075,80,79,13.4375
conllu/conllu_file/de/Ent/Ent3_de.conllu,Ent3_de.conllu,conllu/conllu_file/de/Ent,de,Ent,1464,103,102,14.21359223300971
conllu/conllu_file/de/Ent/Ent4_de.conllu,Ent4_de.conllu,conllu/conllu_file/de/Ent,de,Ent,3660,200,199,18.3
conllu/conllu_file/de/Ent/Ent5_de.conllu,Ent5_de.conllu,conllu/conllu_file/de/Ent,de,Ent,2839,191,190,14.863874345549739
conllu/conllu_file/de/Ent/Ent6_de.conllu,Ent6_de.conllu,conllu/conllu_file/de/Ent,de,Ent,1223,82,81,14.914634146341463
conllu/conllu_file/de/Ent/Ent7_de.conllu,Ent7_de.conllu,conllu/conllu_file/de/Ent,de,Ent,3097,251,250,12.338645418326694
conllu/conllu_file/de/Ent/Ent8_de.conllu,Ent8_de.conllu,conllu/conllu_file/de/Ent,de,Ent,1764,124,123,14.225806451612904
conllu/conllu_file/de/Ent/Ent9_de.conllu,Ent9_de.conllu,conllu/conllu_file/de/Ent,de,Ent,1215,89,88,13.651685393258427
conllu/conllu_file/de/His/His10_de.conllu,His10_de.conllu,conllu/conllu_file/de/His,de,His,1785,135,134,13.222222222222221
conllu/conllu_file/de/His/His11_de.conllu,His11_de.conllu,conllu/conllu_file/de/His,de,His,2161,147,146,14.700680272108844
conllu/conllu_file/de/His/His12_de.conllu,His12_de.conllu,conllu/conllu_file/de/His,de,His,1620,126,125,12.857142857142858
conllu/conllu_file/de/His/His13_de.conllu,His13_de.conllu,conllu/conllu_file/de/His,de,His,2048,93,92,22.021505376344088
conllu/conllu_file/de/His/His14_de.conllu,His14_de.conllu,conllu/conllu_file/de/His,de,His,1919,92,91,20.858695652173914
conllu/conllu_file/de/His/His15_de.conllu,His15_de.conllu,conllu/conllu_file/de/His,de,His,3477,140,139,24.835714285714285
conllu/conllu_file/de/His/His1_de.conllu,His1_de.conllu,conllu/conllu_file/de/His,de,His,4375,210,209,20.833333333333332
conllu/conllu_file/de/His/His2_de.conllu,His2_de.conllu,conllu/conllu_file/de/His,de,His,1254,98,97,12.795918367346939
conllu/conllu_file/de/His/His3_de.conllu,His3_de.conllu,conllu/conllu_file/de/His,de,His,1507,89,88,16.93258426966292
conllu/conllu_file/de/His/His4_de.conllu,His4_de.conllu,conllu/conllu_file/de/His,de,His,1172,70,69,16.742857142857144
conllu/conllu_file/de/His/His5_de.conllu,His5_de.conllu,conllu/conllu_file/de/His,de,His,2979,185,184,16.102702702702704
conllu/conllu_file/de/His/His6_de.conllu,His6_de.conllu,conllu/conllu_file/de/His,de,His,1643,106,105,15.5
conllu/conllu_file/de/His/His7_de.conllu,His7_de.conllu,conllu/conllu_file/de/His,de,His,2079,111,110,18.72972972972973
conllu/conllu_file/de/His/His8_de.conllu,His8_de.conllu,conllu/conllu_file/de/His,de,His,1747,119,118,14.680672268907562
conllu/conllu_file/de/His/His9_de.conllu,His9_de.conllu,conllu/conllu_file/de/His,de,His,1766,90,89,19.622222222222224
conllu/conllu_file/de/Med/Med10_de.conllu,Med10_de.conllu,conllu/conllu_file/de/Med,de,Med,1688,78,77,21.641025641025642
conllu/conllu_file/de/Med/Med11_de.conllu,Med11_de.conllu,conllu/conllu_file/de/Med,de,Med,3561,215,214,16.56279069767442
conllu/conllu_file/de/Med/Med12_de.conllu,Med12_de.conllu,conllu/conllu_file/de/Med,de,Med,3350,182,181,18.406593406593405
conllu/conllu_file/de/Med/Med13_de.conllu,Med13_de.conllu,conllu/conllu_file/de/Med,de,Med,3408,170,169,20.04705882352941
conllu/conllu_file/de/Med/Med14_de.conllu,Med14_de.conllu,conllu/conllu_file/de/Med,de,Med,3910,190,189,20.57894736842105
conllu/conllu_file/de/Med/Med15_de.conllu,Med15_de.conllu,conllu/conllu_file/de/Med,de,Med,1989,145,144,13.717241379310344
conllu/conllu_file/de/Med/Med16_de.conllu,Med16_de.conllu,conllu/conllu_file/de/Med,de,Med,1116,72,71,15.5
conllu/conllu_file/de/Med/Med17_de.conllu,Med17_de.conllu,conllu/conllu_file/de/Med,de,Med,3734,219,218,17.050228310502284
conllu/conllu_file/de/Med/Med1_de.conllu,Med1_de.conllu,conllu/conllu_file/de/Med,de,Med,1489,99,98,15.04040404040404
conllu/conllu_file/de/Med/Med2_de.conllu,Med2_de.conllu,conllu/conllu_file/de/Med,de,Med,1870,125,124,14.96
conllu/conllu_file/de/Med/Med3_de.conllu,Med3_de.conllu,conllu/conllu_file/de/Med,de,Med,3128,191,190,16.376963350785342
conllu/conllu_file/de/Med/Med4_de.conllu,Med4_de.conllu,conllu/conllu_file/de/Med,de,Med,3187,138,137,23.094202898550726
conllu/conllu_file/de/Med/Med5_de.conllu,Med5_de.conllu,conllu/conllu_file/de/Med,de,Med,1933,118,117,16.38135593220339
conllu/conllu_file/de/Med/Med6_de.conllu,Med6_de.conllu,conllu/conllu_file/de/Med,de,Med,1797,116,115,15.491379310344827
conllu/conllu_file/de/Med/Med7_de.conllu,Med7_de.conllu,conllu/conllu_file/de/Med,de,Med,2559,124,123,20.637096774193548
conllu/conllu_file/de/Med/Med8_de.conllu,Med8_de.conllu,conllu/conllu_file/de/Med,de,Med,3940,205,204,19.21951219512195
conllu/conllu_file/de/Med/Med9_de.conllu,Med9_de.conllu,conllu/conllu_file/de/Med,de,Med,1887,115,114,16.408695652173915
conllu/conllu_file/de/Phi/Phi10_de.conllu,Phi10_de.conllu,conllu/conllu_file/de/Phi,de,Phi,2548,165,164,15.442424242424243
conllu/conllu_file/de/Phi/Phi11_de.conllu,Phi11_de.conllu,conllu/conllu_file/de/Phi,de,Phi,2988,143,142,20.895104895104897
conllu/conllu_file/de/Phi/Phi12_de.conllu,Phi12_de.conllu,conllu/conllu_file/de/Phi,de,Phi,3672,221,220,16.615384615384617
conllu/conllu_file/de/Phi/Phi13_de.conllu,Phi13_de.conllu,conllu/conllu_file/de/Phi,de,Phi,3236,224,223,14.446428571428571
conllu/conllu_file/de/Phi/Phi14_de.conllu,Phi14_de.conllu,conllu/conllu_file/de/Phi,de,Phi,3255,170,169,19.147058823529413
conllu/conllu_file/de/Phi/Phi15_de.conllu,Phi15_de.conllu,conllu/conllu_file/de/Phi,de,Phi,3521,174,173,20.235632183908045
conllu/conllu_file/de/Phi/Phi1_de.conllu,Phi1_de.conllu,conllu/conllu_file/de/Phi,de,Phi,1846,130,129,14.2
conllu/conllu_file/de/Phi/Phi2_de.conllu,Phi2_de.conllu,conllu/conllu_file/de/Phi,de,Phi,4048,292,291,13.863013698630137
conllu/conllu_file/de/Phi/Phi3_de.conllu,Phi3_de.conllu,conllu/conllu_file/de/Phi,de,Phi,2438,191,190,12.764397905759163
conllu/conllu_file/de/Phi/Phi4_de.conllu,Phi4_de.conllu,conllu/conllu_file/de/Phi,de,Phi,4146,144,143,28.791666666666668
conllu/conllu_file/de/Phi/Phi5_de.conllu,Phi5_de.conllu,conllu/conllu_file/de/Phi,de,Phi,3131,251,250,12.474103585657371
conllu/conllu_file/de/Phi/Phi6_de.conllu,Phi6_de.conllu,conllu/conllu_file/de/Phi,de,Phi,1861,95,94,19.589473684210525
conllu/conllu_file/de/Phi/Phi7_de.conllu,Phi7_de.conllu,conllu/conllu_file/de/Phi,de,Phi,2661,165,164,16.12727272727273
conllu/conllu_file/de/Phi/Phi8_de.conllu,Phi8_de.conllu,conllu/conllu_file/de/Phi,de,Phi,2304,135,134,17.066666666666666
conllu/conllu_file/de/Phi/Phi9_de.conllu,Phi9_de.conllu,conllu/conllu_file/de/Phi,de,Phi,3110,189,188,16.455026455026456
conllu/conllu_file/de/Pol/Pol10_de.conllu,Pol10_de.conllu,conllu/conllu_file/de/Pol,de,Pol,2593,115,114,22.547826086956523
conllu/conllu_file/de/Pol/Pol11_de.conllu,Pol11_de.conllu,conllu/conllu_file/de/Pol,de,Pol,1764,109,108,16.18348623853211
conllu/conllu_file/de/Pol/Pol12_de.conllu,Pol12_de.conllu,conllu/conllu_file/de/Pol,de,Pol,1849,87,86,21.25287356321839
conllu/conllu_file/de/Pol/Pol13_de.conllu,Pol13_de.conllu,conllu/conllu_file/de/Pol,de,Pol,2734,179,178,15.273743016759777
conllu/conllu_file/de/Pol/Pol14_de.conllu,Pol14_de.conllu,conllu/conllu_file/de/Pol,de,Pol,2129,101,100,21.07920792079208
conllu/conllu_file/de/Pol/Pol15_de.conllu,Pol15_de.conllu,conllu/conllu_file/de/Pol,de,Pol,4268,303,302,14.085808580858085
conllu/conllu_file/de/Pol/Pol16_de.conllu,Pol16_de.conllu,conllu/conllu_file/de/Pol,de,Pol,3397,153,152,22.202614379084967
conllu/conllu_file/de/Pol/Pol17_de.conllu,Pol17_de.conllu,conllu/conllu_file/de/Pol,de,Pol,3911,219,218,17.858447488584474
conllu/conllu_file/de/Pol/Pol1_de.conllu,Pol1_de.conllu,conllu/conllu_file/de/Pol,de,Pol,1884,81,80,23.25925925925926
conllu/conllu_file/de/Pol/Pol2_de.conllu,Pol2_de.conllu,conllu/conllu_file/de/Pol,de,Pol,2571,172,171,14.94767441860465
conllu/conllu_file/de/Pol/Pol3_de.conllu,Pol3_de.conllu,conllu/conllu_file/de/Pol,de,Pol,1182,77,76,15.35064935064935
conllu/conllu_file/de/Pol/Pol4_de.conllu,Pol4_de.conllu,conllu/conllu_file/de/Pol,de,Pol,4544,230,229,19.756521739130434
conllu/conllu_file/de/Pol/Pol5_de.conllu,Pol5_de.conllu,conllu/conllu_file/de/Pol,de,Pol,2222,120,119,18.516666666666666
conllu/conllu_file/de/Pol/Pol6_de.conllu,Pol6_de.conllu,conllu/conllu_file/de/Pol,de,Pol,3365,180,179,18.694444444444443
conllu/conllu_file/de/Pol/Pol7_de.conllu,Pol7_de.conllu,conllu/conllu_file/de/Pol,de,Pol,1615,94,93,17.180851063829788
conllu/conllu_file/de/Pol/Pol8_de.conllu,Pol8_de.conllu,conllu/conllu_file/de/Pol,de,Pol,3238,132,131,24.53030303030303
conllu/conllu_file/de/Pol/Pol9_de.conllu,Pol9_de.conllu,conllu/conllu_file/de/Pol,de,Pol,2605,132,131,19.734848484848484
conllu/conllu_file/de/Psy/Psy10_de.conllu,Psy10_de.conllu,conllu/conllu_file/de/Psy,de,Psy,1586,82,81,19.341463414634145
conllu/conllu_file/de/Psy/Psy11_de.conllu,Psy11_de.conllu,conllu/conllu_file/de/Psy,de,Psy,2184,117,116,18.666666666666668
conllu/conllu_file/de/Psy/Psy12_de.conllu,Psy12_de.conllu,conllu/conllu_file/de/Psy,de,Psy,3353,221,220,15.171945701357465
conllu/conllu_file/de/Psy/Psy13_de.conllu,Psy13_de.conllu,conllu/conllu_file/de/Psy,de,Psy,3570,184,183,19.402173913043477
conllu/conllu_file/de/Psy/Psy14_de.conllu,Psy14_de.conllu,conllu/conllu_file/de/Psy,de,Psy,2298,176,175,13.056818181818182
conllu/conllu_file/de/Psy/Psy15_de.conllu,Psy15_de.conllu,conllu/conllu_file/de/Psy,de,Psy,2858,133,132,21.48872180451128
conllu/conllu_file/de/Psy/Psy16_de.conllu,Psy16_de.conllu,conllu/conllu_file/de/Psy,de,Psy,4036,262,261,15.404580152671755
conllu/conllu_file/de/Psy/Psy17_de.conllu,Psy17_de.conllu,conllu/conllu_file/de/Psy,de,Psy,4639,326,325,14.230061349693251
conllu/conllu_file/de/Psy/Psy1_de.conllu,Psy1_de.conllu,conllu/conllu_file/de/Psy,de,Psy,2340,125,124,18.72
conllu/conllu_file/de/Psy/Psy2_de.conllu,Psy2_de.conllu,conllu/conllu_file/de/Psy,de,Psy,2407,157,156,15.331210191082803
conllu/conllu_file/de/Psy/Psy3_de.conllu,Psy3_de.conllu,conllu/conllu_file/de/Psy,de,Psy,1700,126,125,13.492063492063492
conllu/conllu_file/de/Psy/Psy4_de.conllu,Psy4_de.conllu,conllu/conllu_file/de/Psy,de,Psy,2117,140,139,15.121428571428572
conllu/conllu_file/de/Psy/Psy5_de.conllu,Psy5_de.conllu,conllu/conllu_file/de/Psy,de,Psy,1928,114,113,16.912280701754387
conllu/conllu_file/de/Psy/Psy6_de.conllu,Psy6_de.conllu,conllu/conllu_file/de/Psy,de,Psy,1716,91,90,18.857142857142858
conllu/conllu_file/de/Psy/Psy7_de.conllu,Psy7_de.conllu,conllu/conllu_file/de/Psy,de,Psy,1394,90,89,15.488888888888889
conllu/conllu_file/de/Psy/Psy8_de.conllu,Psy8_de.conllu,conllu/conllu_file/de/Psy,de,Psy,1812,128,127,14.15625
conllu/conllu_file/de/Psy/Psy9_de.conllu,Psy9_de.conllu,conllu/conllu_file/de/Psy,de,Psy,1883,108,107,17.435185185185187
conllu/conllu_file/de/Sci/Sci10_de.conllu,Sci10_de.conllu,conllu/conllu_file/de/Sci,de,Sci,2041,143,142,14.272727272727273
conllu/conllu_file/de/Sci/Sci11_de.conllu,Sci11_de.conllu,conllu/conllu_file/de/Sci,de,Sci,2924,190,189,15.389473684210527
conllu/conllu_file/de/Sci/Sci12_de.conllu,Sci12_de.conllu,conllu/conllu_file/de/Sci,de,Sci,3645,215,214,16.953488372093023
conllu/conllu_file/de/Sci/Sci13_de.conllu,Sci13_de.conllu,conllu/conllu_file/de/Sci,de,Sci,2919,209,208,13.966507177033494
conllu/conllu_file/de/Sci/Sci14_de.conllu,Sci14_de.conllu,conllu/conllu_file/de/Sci,de,Sci,3707,209,208,17.736842105263158
conllu/conllu_file/de/Sci/Sci15_de.conllu,Sci15_de.conllu,conllu/conllu_file/de/Sci,de,Sci,3070,162,161,18.950617283950617
conllu/conllu_file/de/Sci/Sci16_de.conllu,Sci16_de.conllu,conllu/conllu_file/de/Sci,de,Sci,3883,208,207,18.66826923076923
conllu/conllu_file/de/Sci/Sci17_de.conllu,Sci17_de.conllu,conllu/conllu_file/de/Sci,de,Sci,3278,206,205,15.912621359223301
conllu/conllu_file/de/Sci/Sci18_de.conllu,Sci18_de.conllu,conllu/conllu_file/de/Sci,de,Sci,2557,111,110,23.036036036036037
conllu/conllu_file/de/Sci/Sci19_de.conllu,Sci19_de.conllu,conllu/conllu_file/de/Sci,de,Sci,2804,153,152,18.326797385620914
conllu/conllu_file/de/Sci/Sci1_de.conllu,Sci1_de.conllu,conllu/conllu_file/de/Sci,de,Sci,2847,165,164,17.254545454545454
conllu/conllu_file/de/Sci/Sci20_de.conllu,Sci20_de.conllu,conllu/conllu_file/de/Sci,de,Sci,3742,229,228,16.34061135371179
conllu/conllu_file/de/Sci/Sci21_de.conllu,Sci21_de.conllu,conllu/conllu_file/de/Sci,de,Sci,852,48,47,17.75
conllu/conllu_file/de/Sci/Sci22_de.conllu,Sci22_de.conllu,conllu/conllu_file/de/Sci,de,Sci,829,60,59,13.816666666666666
conllu/conllu_file/de/Sci/Sci2_de.conllu,Sci2_de.conllu,conllu/conllu_file/de/Sci,de,Sci,1454,72,71,20.194444444444443
conllu/conllu_file/de/Sci/Sci3_de.conllu,Sci3_de.conllu,conllu/conllu_file/de/Sci,de,Sci,1530,84,83,18.214285714285715
conllu/conllu_file/de/Sci/Sci4_de.conllu,Sci4_de.conllu,conllu/conllu_file/de/Sci,de,Sci,1273,42,41,30.30952380952381
conllu/conllu_file/de/Sci/Sci5_de.conllu,Sci5_de.conllu,conllu/conllu_file/de/Sci,de,Sci,1719,100,99,17.19
conllu/conllu_file/de/Sci/Sci6_de.conllu,Sci6_de.conllu,conllu/conllu_file/de/Sci,de,Sci,1731,94,93,18.414893617021278
conllu/conllu_file/de/Sci/Sci7_de.conllu,Sci7_de.conllu,conllu/conllu_file/de/Sci,de,Sci,2408,153,152,15.738562091503267
conllu/conllu_file/de/Sci/Sci8_de.conllu,Sci8_de.conllu,conllu/conllu_file/de/Sci,de,Sci,2300,109,108,21.10091743119266
conllu/conllu_file/de/Sci/Sci9_de.conllu,Sci9_de.conllu,conllu/conllu_file/de/Sci,de,Sci,3336,181,180,18.430939226519335
conllu/conllu_file/de/Tech/Tech10_de.conllu,Tech10_de.conllu,conllu/conllu_file/de/Tech,de,Tech,2197,122,121,18.008196721311474
conllu/conllu_file/de/Tech/Tech11_de.conllu,Tech11_de.conllu,conllu/conllu_file/de/Tech,de,Tech,1991,115,114,17.31304347826087
conllu/conllu_file/de/Tech/Tech12_de.conllu,Tech12_de.conllu,conllu/conllu_file/de/Tech,de,Tech,3212,181,180,17.74585635359116
conllu/conllu_file/de/Tech/Tech13_de.conllu,Tech13_de.conllu,conllu/conllu_file/de/Tech,de,Tech,2027,145,144,13.979310344827587
conllu/conllu_file/de/Tech/Tech14_de.conllu,Tech14_de.conllu,conllu/conllu_file/de/Tech,de,Tech,1924,89,88,21.617977528089888
conllu/conllu_file/de/Tech/Tech15_de.conllu,Tech15_de.conllu,conllu/conllu_file/de/Tech,de,Tech,1254,61,60,20.557377049180328
conllu/conllu_file/de/Tech/Tech16_de.conllu,Tech16_de.conllu,conllu/conllu_file/de/Tech,de,Tech,1477,74,73,19.95945945945946
conllu/conllu_file/de/Tech/Tech17_de.conllu,Tech17_de.conllu,conllu/conllu_file/de/Tech,de,Tech,995,49,48,20.306122448979593
conllu/conllu_file/de/Tech/Tech18_de.conllu,Tech18_de.conllu,conllu/conllu_file/de/Tech,de,Tech,1136,71,70,16.0
conllu/conllu_file/de/Tech/Tech19_de.conllu,Tech19_de.conllu,conllu/conllu_file/de/Tech,de,Tech,1576,80,79,19.7
conllu/conllu_file/de/Tech/Tech1_de.conllu,Tech1_de.conllu,conllu/conllu_file/de/Tech,de,Tech,1753,70,69,25.042857142857144
conllu/conllu_file/de/Tech/Tech20_de.conllu,Tech20_de.conllu,conllu/conllu_file/de/Tech,de,Tech,984,57,56,17.263157894736842
conllu/conllu_file/de/Tech/Tech21_de.conllu,Tech21_de.conllu,conllu/conllu_file/de/Tech,de,Tech,2475,117,116,21.153846153846153
conllu/conllu_file/de/Tech/Tech22_de.conllu,Tech22_de.conllu,conllu/conllu_file/de/Tech,de,Tech,1926,99,98,19.454545454545453
conllu/conllu_file/de/Tech/Tech23_de.conllu,Tech23_de.conllu,conllu/conllu_file/de/Tech,de,Tech,2092,118,117,17.728813559322035
conllu/conllu_file/de/Tech/Tech24_de.conllu,Tech24_de.conllu,conllu/conllu_file/de/Tech,de,Tech,2015,131,130,15.381679389312977
conllu/conllu_file/de/Tech/Tech25_de.conllu,Tech25_de.conllu,conllu/conllu_file/de/Tech,de,Tech,2682,149,148,18.0
conllu/conllu_file/de/Tech/Tech2_de.conllu,Tech2_de.conllu,conllu/conllu_file/de/Tech,de,Tech,1182,60,59,19.7
conllu/conllu_file/de/Tech/Tech3_de.conllu,Tech3_de.conllu,conllu/conllu_file/de/Tech,de,Tech,1512,87,86,17.379310344827587
conllu/conllu_file/de/Tech/Tech4_de.conllu,Tech4_de.conllu,conllu/conllu_file/de/Tech,de,Tech,1144,77,76,14.857142857142858
conllu/conllu_file/de/Tech/Tech5_de.conllu,Tech5_de.conllu,conllu/conllu_file/de/Tech,de,Tech,1803,96,95,18.78125
conllu/conllu_file/de/Tech/Tech6_de.conllu,Tech6_de.conllu,conllu/conllu_file/de/Tech,de,Tech,1046,60,59,17.433333333333334
conllu/conllu_file/de/Tech/Tech7_de.conllu,Tech7_de.conllu,conllu/conllu_file/de/Tech,de,Tech,1435,100,99,14.35
conllu/conllu_file/de/Tech/Tech8_de.conllu,Tech8_de.conllu,conllu/conllu_file/de/Tech,de,Tech,1422,91,90,15.626373626373626
conllu/conllu_file/de/Tech/Tech9_de.conllu,Tech9_de.conllu,conllu/conllu_file/de/Tech,de,Tech,1686,90,89,18.733333333333334
conllu/conllu_file/en/Art/Art10_en.conllu,Art10_en.conllu,conllu/conllu_file/en/Art,en,Art,988,40,39,24.7
conllu/conllu_file/en/Art/Art11_en.conllu,Art11_en.conllu,conllu/conllu_file/en/Art,en,Art,3883,181,180,21.45303867403315
conllu/conllu_file/en/Art/Art12_en.conllu,Art12_en.conllu,conllu/conllu_file/en/Art,en,Art,4118,229,228,17.982532751091703
conllu/conllu_file/en/Art/Art13_en.conllu,Art13_en.conllu,conllu/conllu_file/en/Art,en,Art,4063,215,214,18.89767441860465
conllu/conllu_file/en/Art/Art14_en.conllu,Art14_en.conllu,conllu/conllu_file/en/Art,en,Art,2593,149,148,17.40268456375839
conllu/conllu_file/en/Art/Art15_en.conllu,Art15_en.conllu,conllu/conllu_file/en/Art,en,Art,2701,132,131,20.46212121212121
conllu/conllu_file/en/Art/Art16_en.conllu,Art16_en.conllu,conllu/conllu_file/en/Art,en,Art,4070,203,202,20.049261083743843
conllu/conllu_file/en/Art/Art1_en.conllu,Art1_en.conllu,conllu/conllu_file/en/Art,en,Art,2077,112,111,18.544642857142858
conllu/conllu_file/en/Art/Art2_en.conllu,Art2_en.conllu,conllu/conllu_file/en/Art,en,Art,3115,170,169,18.323529411764707
conllu/conllu_file/en/Art/Art3_en.conllu,Art3_en.conllu,conllu/conllu_file/en/Art,en,Art,1539,75,74,20.52
conllu/conllu_file/en/Art/Art4_en.conllu,Art4_en.conllu,conllu/conllu_file/en/Art,en,Art,1711,75,74,22.813333333333333
conllu/conllu_file/en/Art/Art5_en.conllu,Art5_en.conllu,conllu/conllu_file/en/Art,en,Art,2220,146,145,15.205479452054794
conllu/conllu_file/en/Art/Art6_en.conllu,Art6_en.conllu,conllu/conllu_file/en/Art,en,Art,2418,94,93,25.72340425531915
conllu/conllu_file/en/Art/Art7_en.conllu,Art7_en.conllu,conllu/conllu_file/en/Art,en,Art,3612,230,229,15.704347826086957
conllu/conllu_file/en/Art/Art8_en.conllu,Art8_en.conllu,conllu/conllu_file/en/Art,en,Art,1916,98,97,19.551020408163264
conllu/conllu_file/en/Art/Art9_en.conllu,Art9_en.conllu,conllu/conllu_file/en/Art,en,Art,966,61,60,15.836065573770492
conllu/conllu_file/en/Bus/Bus10_en.conllu,Bus10_en.conllu,conllu/conllu_file/en/Bus,en,Bus,2998,150,149,19.986666666666668
conllu/conllu_file/en/Bus/Bus11_en.conllu,Bus11_en.conllu,conllu/conllu_file/en/Bus,en,Bus,2303,94,93,24.5
conllu/conllu_file/en/Bus/Bus12_en.conllu,Bus12_en.conllu,conllu/conllu_file/en/Bus,en,Bus,3666,213,212,17.211267605633804
conllu/conllu_file/en/Bus/Bus13_en.conllu,Bus13_en.conllu,conllu/conllu_file/en/Bus,en,Bus,2327,117,116,19.88888888888889
conllu/conllu_file/en/Bus/Bus14_en.conllu,Bus14_en.conllu,conllu/conllu_file/en/Bus,en,Bus,2403,113,112,21.265486725663717
conllu/conllu_file/en/Bus/Bus15_en.conllu,Bus15_en.conllu,conllu/conllu_file/en/Bus,en,Bus,2740,133,132,20.601503759398497
conllu/conllu_file/en/Bus/Bus16_en.conllu,Bus16_en.conllu,conllu/conllu_file/en/Bus,en,Bus,3333,223,222,14.946188340807176
conllu/conllu_file/en/Bus/Bus1_en.conllu,Bus1_en.conllu,conllu/conllu_file/en/Bus,en,Bus,1377,72,71,19.125
conllu/conllu_file/en/Bus/Bus2_en.conllu,Bus2_en.conllu,conllu/conllu_file/en/Bus,en,Bus,2949,148,147,19.925675675675677
conllu/conllu_file/en/Bus/Bus3_en.conllu,Bus3_en.conllu,conllu/conllu_file/en/Bus,en,Bus,1992,153,152,13.019607843137255
conllu/conllu_file/en/Bus/Bus4_en.conllu,Bus4_en.conllu,conllu/conllu_file/en/Bus,en,Bus,3487,205,204,17.009756097560974
conllu/conllu_file/en/Bus/Bus5_en.conllu,Bus5_en.conllu,conllu/conllu_file/en/Bus,en,Bus,2761,149,148,18.530201342281877
conllu/conllu_file/en/Bus/Bus6_en.conllu,Bus6_en.conllu,conllu/conllu_file/en/Bus,en,Bus,1073,54,53,19.87037037037037
conllu/conllu_file/en/Bus/Bus7_en.conllu,Bus7_en.conllu,conllu/conllu_file/en/Bus,en,Bus,1446,85,84,17.011764705882353
conllu/conllu_file/en/Bus/Bus8_en.conllu,Bus8_en.conllu,conllu/conllu_file/en/Bus,en,Bus,1401,87,86,16.103448275862068
conllu/conllu_file/en/Bus/Bus9_en.conllu,Bus9_en.conllu,conllu/conllu_file/en/Bus,en,Bus,1446,82,81,17.634146341463413
conllu/conllu_file/en/Edu/Edu10_en.conllu,Edu10_en.conllu,conllu/conllu_file/en/Edu,en,Edu,2390,114,113,20.964912280701753
conllu/conllu_file/en/Edu/Edu11_en.conllu,Edu11_en.conllu,conllu/conllu_file/en/Edu,en,Edu,3714,149,148,24.926174496644297
conllu/conllu_file/en/Edu/Edu12_en.conllu,Edu12_en.conllu,conllu/conllu_file/en/Edu,en,Edu,3611,221,220,16.339366515837103
conllu/conllu_file/en/Edu/Edu13_en.conllu,Edu13_en.conllu,conllu/conllu_file/en/Edu,en,Edu,3779,177,176,21.350282485875706
conllu/conllu_file/en/Edu/Edu14_en.conllu,Edu14_en.conllu,conllu/conllu_file/en/Edu,en,Edu,2532,119,118,21.277310924369747
conllu/conllu_file/en/Edu/Edu15_en.conllu,Edu15_en.conllu,conllu/conllu_file/en/Edu,en,Edu,4043,157,156,25.751592356687897
conllu/conllu_file/en/Edu/Edu1_en.conllu,Edu1_en.conllu,conllu/conllu_file/en/Edu,en,Edu,3032,121,120,25.05785123966942
conllu/conllu_file/en/Edu/Edu2_en.conllu,Edu2_en.conllu,conllu/conllu_file/en/Edu,en,Edu,1789,80,79,22.3625
conllu/conllu_file/en/Edu/Edu3_en.conllu,Edu3_en.conllu,conllu/conllu_file/en/Edu,en,Edu,2732,120,119,22.766666666666666
conllu/conllu_file/en/Edu/Edu4_en.conllu,Edu4_en.conllu,conllu/conllu_file/en/Edu,en,Edu,2898,148,147,19.58108108108108
conllu/conllu_file/en/Edu/Edu5_en.conllu,Edu5_en.conllu,conllu/conllu_file/en/Edu,en,Edu,1784,111,110,16.07207207207207
conllu/conllu_file/en/Edu/Edu6_en.conllu,Edu6_en.conllu,conllu/conllu_file/en/Edu,en,Edu,2625,150,149,17.5
conllu/conllu_file/en/Edu/Edu7_en.conllu,Edu7_en.conllu,conllu/conllu_file/en/Edu,en,Edu,2098,117,116,17.931623931623932
conllu/conllu_file/en/Edu/Edu8_en.conllu,Edu8_en.conllu,conllu/conllu_file/en/Edu,en,Edu,2136,102,101,20.941176470588236
conllu/conllu_file/en/Edu/Edu9_en.conllu,Edu9_en.conllu,conllu/conllu_file/en/Edu,en,Edu,1625,71,70,22.887323943661972
conllu/conllu_file/en/Ent/Ent10_en.conllu,Ent10_en.conllu,conllu/conllu_file/en/Ent,en,Ent,1795,110,109,16.318181818181817
conllu/conllu_file/en/Ent/Ent11_en.conllu,Ent11_en.conllu,conllu/conllu_file/en/Ent,en,Ent,1623,96,95,16.90625
conllu/conllu_file/en/Ent/Ent12_en.conllu,Ent12_en.conllu,conllu/conllu_file/en/Ent,en,Ent,1176,66,65,17.818181818181817
conllu/conllu_file/en/Ent/Ent13_en.conllu,Ent13_en.conllu,conllu/conllu_file/en/Ent,en,Ent,4388,221,220,19.855203619909503
conllu/conllu_file/en/Ent/Ent14_en.conllu,Ent14_en.conllu,conllu/conllu_file/en/Ent,en,Ent,3707,181,180,20.480662983425415
conllu/conllu_file/en/Ent/Ent15_en.conllu,Ent15_en.conllu,conllu/conllu_file/en/Ent,en,Ent,3399,222,221,15.31081081081081
conllu/conllu_file/en/Ent/Ent1_en.conllu,Ent1_en.conllu,conllu/conllu_file/en/Ent,en,Ent,1486,64,63,23.21875
conllu/conllu_file/en/Ent/Ent2_en.conllu,Ent2_en.conllu,conllu/conllu_file/en/Ent,en,Ent,1173,79,78,14.848101265822784
conllu/conllu_file/en/Ent/Ent3_en.conllu,Ent3_en.conllu,conllu/conllu_file/en/Ent,en,Ent,1758,111,110,15.837837837837839
conllu/conllu_file/en/Ent/Ent4_en.conllu,Ent4_en.conllu,conllu/conllu_file/en/Ent,en,Ent,3717,187,186,19.877005347593585
conllu/conllu_file/en/Ent/Ent5_en.conllu,Ent5_en.conllu,conllu/conllu_file/en/Ent,en,Ent,2903,189,188,15.359788359788359
conllu/conllu_file/en/Ent/Ent6_en.conllu,Ent6_en.conllu,conllu/conllu_file/en/Ent,en,Ent,1413,78,77,18.115384615384617
conllu/conllu_file/en/Ent/Ent7_en.conllu,Ent7_en.conllu,conllu/conllu_file/en/Ent,en,Ent,3176,237,236,13.40084388185654
conllu/conllu_file/en/Ent/Ent8_en.conllu,Ent8_en.conllu,conllu/conllu_file/en/Ent,en,Ent,2120,102,101,20.784313725490197
conllu/conllu_file/en/Ent/Ent9_en.conllu,Ent9_en.conllu,conllu/conllu_file/en/Ent,en,Ent,1268,78,77,16.256410256410255
conllu/conllu_file/en/His/His10_en.conllu,His10_en.conllu,conllu/conllu_file/en/His,en,His,1876,132,131,14.212121212121213
conllu/conllu_file/en/His/His11_en.conllu,His11_en.conllu,conllu/conllu_file/en/His,en,His,2399,145,144,16.544827586206896
conllu/conllu_file/en/His/His12_en.conllu,His12_en.conllu,conllu/conllu_file/en/His,en,His,1939,125,124,15.512
conllu/conllu_file/en/His/His13_en.conllu,His13_en.conllu,conllu/conllu_file/en/His,en,His,2173,88,87,24.693181818181817
conllu/conllu_file/en/His/His14_en.conllu,His14_en.conllu,conllu/conllu_file/en/His,en,His,1988,90,89,22.08888888888889
conllu/conllu_file/en/His/His15_en.conllu,His15_en.conllu,conllu/conllu_file/en/His,en,His,3528,129,128,27.348837209302324
conllu/conllu_file/en/His/His1_en.conllu,His1_en.conllu,conllu/conllu_file/en/His,en,His,4368,200,199,21.84
conllu/conllu_file/en/His/His2_en.conllu,His2_en.conllu,conllu/conllu_file/en/His,en,His,1332,90,89,14.8
conllu/conllu_file/en/His/His3_en.conllu,His3_en.conllu,conllu/conllu_file/en/His,en,His,1807,84,83,21.511904761904763
conllu/conllu_file/en/His/His4_en.conllu,His4_en.conllu,conllu/conllu_file/en/His,en,His,1288,66,65,19.515151515151516
conllu/conllu_file/en/His/His5_en.conllu,His5_en.conllu,conllu/conllu_file/en/His,en,His,3194,159,158,20.08805031446541
conllu/conllu_file/en/His/His6_en.conllu,His6_en.conllu,conllu/conllu_file/en/His,en,His,1737,90,89,19.3
conllu/conllu_file/en/His/His7_en.conllu,His7_en.conllu,conllu/conllu_file/en/His,en,His,2080,109,108,19.08256880733945
conllu/conllu_file/en/His/His8_en.conllu,His8_en.conllu,conllu/conllu_file/en/His,en,His,1826,102,101,17.901960784313726
conllu/conllu_file/en/His/His9_en.conllu,His9_en.conllu,conllu/conllu_file/en/His,en,His,2087,70,69,29.814285714285713
conllu/conllu_file/en/Med/Med10_en.conllu,Med10_en.conllu,conllu/conllu_file/en/Med,en,Med,1875,82,81,22.865853658536587
conllu/conllu_file/en/Med/Med11_en.conllu,Med11_en.conllu,conllu/conllu_file/en/Med,en,Med,3799,211,210,18.00473933649289
conllu/conllu_file/en/Med/Med12_en.conllu,Med12_en.conllu,conllu/conllu_file/en/Med,en,Med,3290,164,163,20.0609756097561
conllu/conllu_file/en/Med/Med13_en.conllu,Med13_en.conllu,conllu/conllu_file/en/Med,en,Med,3405,157,156,21.687898089171973
conllu/conllu_file/en/Med/Med14_en.conllu,Med14_en.conllu,conllu/conllu_file/en/Med,en,Med,3869,179,178,21.614525139664803
conllu/conllu_file/en/Med/Med15_en.conllu,Med15_en.conllu,conllu/conllu_file/en/Med,en,Med,2183,132,131,16.53787878787879
conllu/conllu_file/en/Med/Med16_en.conllu,Med16_en.conllu,conllu/conllu_file/en/Med,en,Med,1251,72,71,17.375
conllu/conllu_file/en/Med/Med17_en.conllu,Med17_en.conllu,conllu/conllu_file/en/Med,en,Med,4152,213,212,19.492957746478872
conllu/conllu_file/en/Med/Med1_en.conllu,Med1_en.conllu,conllu/conllu_file/en/Med,en,Med,1847,104,103,17.759615384615383
conllu/conllu_file/en/Med/Med2_en.conllu,Med2_en.conllu,conllu/conllu_file/en/Med,en,Med,1993,125,124,15.944
conllu/conllu_file/en/Med/Med3_en.conllu,Med3_en.conllu,conllu/conllu_file/en/Med,en,Med,3217,175,174,18.382857142857144
conllu/conllu_file/en/Med/Med4_en.conllu,Med4_en.conllu,conllu/conllu_file/en/Med,en,Med,3092,139,138,22.244604316546763
conllu/conllu_file/en/Med/Med5_en.conllu,Med5_en.conllu,conllu/conllu_file/en/Med,en,Med,2184,105,104,20.8
conllu/conllu_file/en/Med/Med6_en.conllu,Med6_en.conllu,conllu/conllu_file/en/Med,en,Med,1799,110,109,16.354545454545455
conllu/conllu_file/en/Med/Med7_en.conllu,Med7_en.conllu,conllu/conllu_file/en/Med,en,Med,2630,123,122,21.382113821138212
conllu/conllu_file/en/Med/Med8_en.conllu,Med8_en.conllu,conllu/conllu_file/en/Med,en,Med,4071,208,207,19.572115384615383
conllu/conllu_file/en/Med/Med9_en.conllu,Med9_en.conllu,conllu/conllu_file/en/Med,en,Med,2286,111,110,20.594594594594593
conllu/conllu_file/en/Phi/Phi10_en.conllu,Phi10_en.conllu,conllu/conllu_file/en/Phi,en,Phi,2441,158,157,15.449367088607595
conllu/conllu_file/en/Phi/Phi11_en.conllu,Phi11_en.conllu,conllu/conllu_file/en/Phi,en,Phi,3289,138,137,23.833333333333332
conllu/conllu_file/en/Phi/Phi12_en.conllu,Phi12_en.conllu,conllu/conllu_file/en/Phi,en,Phi,3897,228,227,17.092105263157894
conllu/conllu_file/en/Phi/Phi13_en.conllu,Phi13_en.conllu,conllu/conllu_file/en/Phi,en,Phi,3496,221,220,15.819004524886878
conllu/conllu_file/en/Phi/Phi14_en.conllu,Phi14_en.conllu,conllu/conllu_file/en/Phi,en,Phi,3278,152,151,21.56578947368421
conllu/conllu_file/en/Phi/Phi15_en.conllu,Phi15_en.conllu,conllu/conllu_file/en/Phi,en,Phi,3408,167,166,20.407185628742514
conllu/conllu_file/en/Phi/Phi1_en.conllu,Phi1_en.conllu,conllu/conllu_file/en/Phi,en,Phi,1970,123,122,16.016260162601625
conllu/conllu_file/en/Phi/Phi2_en.conllu,Phi2_en.conllu,conllu/conllu_file/en/Phi,en,Phi,4363,281,280,15.526690391459075
conllu/conllu_file/en/Phi/Phi3_en.conllu,Phi3_en.conllu,conllu/conllu_file/en/Phi,en,Phi,2641,189,188,13.973544973544973
conllu/conllu_file/en/Phi/Phi4_en.conllu,Phi4_en.conllu,conllu/conllu_file/en/Phi,en,Phi,4110,140,139,29.357142857142858
conllu/conllu_file/en/Phi/Phi5_en.conllu,Phi5_en.conllu,conllu/conllu_file/en/Phi,en,Phi,3136,248,247,12.64516129032258
conllu/conllu_file/en/Phi/Phi6_en.conllu,Phi6_en.conllu,conllu/conllu_file/en/Phi,en,Phi,1932,88,87,21.954545454545453
conllu/conllu_file/en/Phi/Phi7_en.conllu,Phi7_en.conllu,conllu/conllu_file/en/Phi,en,Phi,3078,164,163,18.76829268292683
conllu/conllu_file/en/Phi/Phi8_en.conllu,Phi8_en.conllu,conllu/conllu_file/en/Phi,en,Phi,2434,116,115,20.982758620689655
conllu/conllu_file/en/Phi/Phi9_en.conllu,Phi9_en.conllu,conllu/conllu_file/en/Phi,en,Phi,3303,173,172,19.09248554913295
conllu/conllu_file/en/Pol/Pol10_en.conllu,Pol10_en.conllu,conllu/conllu_file/en/Pol,en,Pol,3008,114,113,26.385964912280702
conllu/conllu_file/en/Pol/Pol11_en.conllu,Pol11_en.conllu,conllu/conllu_file/en/Pol,en,Pol,1825,101,100,18.06930693069307
conllu/conllu_file/en/Pol/Pol12_en.conllu,Pol12_en.conllu,conllu/conllu_file/en/Pol,en,Pol,1866,85,84,21.95294117647059
conllu/conllu_file/en/Pol/Pol13_en.conllu,Pol13_en.conllu,conllu/conllu_file/en/Pol,en,Pol,3151,161,160,19.571428571428573
conllu/conllu_file/en/Pol/Pol14_en.conllu,Pol14_en.conllu,conllu/conllu_file/en/Pol,en,Pol,2116,104,103,20.346153846153847
conllu/conllu_file/en/Pol/Pol15_en.conllu,Pol15_en.conllu,conllu/conllu_file/en/Pol,en,Pol,4885,282,281,17.322695035460992
conllu/conllu_file/en/Pol/Pol16_en.conllu,Pol16_en.conllu,conllu/conllu_file/en/Pol,en,Pol,3350,173,172,19.36416184971098
conllu/conllu_file/en/Pol/Pol17_en.conllu,Pol17_en.conllu,conllu/conllu_file/en/Pol,en,Pol,4254,217,216,19.6036866359447
conllu/conllu_file/en/Pol/Pol1_en.conllu,Pol1_en.conllu,conllu/conllu_file/en/Pol,en,Pol,1832,76,75,24.105263157894736
conllu/conllu_file/en/Pol/Pol2_en.conllu,Pol2_en.conllu,conllu/conllu_file/en/Pol,en,Pol,2812,132,131,21.303030303030305
conllu/conllu_file/en/Pol/Pol3_en.conllu,Pol3_en.conllu,conllu/conllu_file/en/Pol,en,Pol,1296,73,72,17.753424657534246
conllu/conllu_file/en/Pol/Pol4_en.conllu,Pol4_en.conllu,conllu/conllu_file/en/Pol,en,Pol,4874,223,222,21.856502242152466
conllu/conllu_file/en/Pol/Pol5_en.conllu,Pol5_en.conllu,conllu/conllu_file/en/Pol,en,Pol,2150,110,109,19.545454545454547
conllu/conllu_file/en/Pol/Pol6_en.conllu,Pol6_en.conllu,conllu/conllu_file/en/Pol,en,Pol,3346,176,175,19.011363636363637
conllu/conllu_file/en/Pol/Pol7_en.conllu,Pol7_en.conllu,conllu/conllu_file/en/Pol,en,Pol,1621,93,92,17.43010752688172
conllu/conllu_file/en/Pol/Pol8_en.conllu,Pol8_en.conllu,conllu/conllu_file/en/Pol,en,Pol,3299,130,129,25.376923076923077
conllu/conllu_file/en/Pol/Pol9_en.conllu,Pol9_en.conllu,conllu/conllu_file/en/Pol,en,Pol,2706,120,119,22.55
conllu/conllu_file/en/Psy/Psy10_en.conllu,Psy10_en.conllu,conllu/conllu_file/en/Psy,en,Psy,1673,80,79,20.9125
conllu/conllu_file/en/Psy/Psy11_en.conllu,Psy11_en.conllu,conllu/conllu_file/en/Psy,en,Psy,2158,116,115,18.603448275862068
conllu/conllu_file/en/Psy/Psy12_en.conllu,Psy12_en.conllu,conllu/conllu_file/en/Psy,en,Psy,3520,225,224,15.644444444444444
conllu/conllu_file/en/Psy/Psy13_en.conllu,Psy13_en.conllu,conllu/conllu_file/en/Psy,en,Psy,3705,184,183,20.13586956521739
conllu/conllu_file/en/Psy/Psy14_en.conllu,Psy14_en.conllu,conllu/conllu_file/en/Psy,en,Psy,2803,145,144,19.33103448275862
conllu/conllu_file/en/Psy/Psy15_en.conllu,Psy15_en.conllu,conllu/conllu_file/en/Psy,en,Psy,2845,115,114,24.73913043478261
conllu/conllu_file/en/Psy/Psy16_en.conllu,Psy16_en.conllu,conllu/conllu_file/en/Psy,en,Psy,4404,265,264,16.618867924528303
conllu/conllu_file/en/Psy/Psy17_en.conllu,Psy17_en.conllu,conllu/conllu_file/en/Psy,en,Psy,4693,325,324,14.44
conllu/conllu_file/en/Psy/Psy1_en.conllu,Psy1_en.conllu,conllu/conllu_file/en/Psy,en,Psy,2426,129,128,18.8062015503876
conllu/conllu_file/en/Psy/Psy2_en.conllu,Psy2_en.conllu,conllu/conllu_file/en/Psy,en,Psy,2879,149,148,19.322147651006713
conllu/conllu_file/en/Psy/Psy3_en.conllu,Psy3_en.conllu,conllu/conllu_file/en/Psy,en,Psy,1958,132,131,14.833333333333334
conllu/conllu_file/en/Psy/Psy4_en.conllu,Psy4_en.conllu,conllu/conllu_file/en/Psy,en,Psy,2157,129,128,16.72093023255814
conllu/conllu_file/en/Psy/Psy5_en.conllu,Psy5_en.conllu,conllu/conllu_file/en/Psy,en,Psy,2310,106,105,21.79245283018868
conllu/conllu_file/en/Psy/Psy6_en.conllu,Psy6_en.conllu,conllu/conllu_file/en/Psy,en,Psy,1733,91,90,19.043956043956044
conllu/conllu_file/en/Psy/Psy7_en.conllu,Psy7_en.conllu,conllu/conllu_file/en/Psy,en,Psy,1381,85,84,16.24705882352941
conllu/conllu_file/en/Psy/Psy8_en.conllu,Psy8_en.conllu,conllu/conllu_file/en/Psy,en,Psy,2222,92,91,24.152173913043477
conllu/conllu_file/en/Psy/Psy9_en.conllu,Psy9_en.conllu,conllu/conllu_file/en/Psy,en,Psy,2102,103,102,20.40776699029126
conllu/conllu_file/en/Sci/Sci10_en.conllu,Sci10_en.conllu,conllu/conllu_file/en/Sci,en,Sci,2189,146,145,14.993150684931507
conllu/conllu_file/en/Sci/Sci11_en.conllu,Sci11_en.conllu,conllu/conllu_file/en/Sci,en,Sci,3238,193,192,16.77720207253886
conllu/conllu_file/en/Sci/Sci12_en.conllu,Sci12_en.conllu,conllu/conllu_file/en/Sci,en,Sci,3840,193,192,19.89637305699482
conllu/conllu_file/en/Sci/Sci13_en.conllu,Sci13_en.conllu,conllu/conllu_file/en/Sci,en,Sci,3592,212,211,16.943396226415093
conllu/conllu_file/en/Sci/Sci14_en.conllu,Sci14_en.conllu,conllu/conllu_file/en/Sci,en,Sci,3997,181,180,22.082872928176794
conllu/conllu_file/en/Sci/Sci15_en.conllu,Sci15_en.conllu,conllu/conllu_file/en/Sci,en,Sci,3023,149,148,20.288590604026847
conllu/conllu_file/en/Sci/Sci16_en.conllu,Sci16_en.conllu,conllu/conllu_file/en/Sci,en,Sci,4195,208,207,20.16826923076923
conllu/conllu_file/en/Sci/Sci17_en.conllu,Sci17_en.conllu,conllu/conllu_file/en/Sci,en,Sci,3497,201,200,17.398009950248756
conllu/conllu_file/en/Sci/Sci18_en.conllu,Sci18_en.conllu,conllu/conllu_file/en/Sci,en,Sci,2605,112,111,23.258928571428573
conllu/conllu_file/en/Sci/Sci19_en.conllu,Sci19_en.conllu,conllu/conllu_file/en/Sci,en,Sci,3245,148,147,21.925675675675677
conllu/conllu_file/en/Sci/Sci1_en.conllu,Sci1_en.conllu,conllu/conllu_file/en/Sci,en,Sci,2942,166,165,17.72289156626506
conllu/conllu_file/en/Sci/Sci20_en.conllu,Sci20_en.conllu,conllu/conllu_file/en/Sci,en,Sci,3821,224,223,17.058035714285715
conllu/conllu_file/en/Sci/Sci21_en.conllu,Sci21_en.conllu,conllu/conllu_file/en/Sci,en,Sci,874,45,44,19.42222222222222
conllu/conllu_file/en/Sci/Sci22_en.conllu,Sci22_en.conllu,conllu/conllu_file/en/Sci,en,Sci,973,56,55,17.375
conllu/conllu_file/en/Sci/Sci2_en.conllu,Sci2_en.conllu,conllu/conllu_file/en/Sci,en,Sci,1540,68,67,22.647058823529413
conllu/conllu_file/en/Sci/Sci3_en.conllu,Sci3_en.conllu,conllu/conllu_file/en/Sci,en,Sci,1527,80,79,19.0875
conllu/conllu_file/en/Sci/Sci4_en.conllu,Sci4_en.conllu,conllu/conllu_file/en/Sci,en,Sci,1336,44,43,30.363636363636363
conllu/conllu_file/en/Sci/Sci5_en.conllu,Sci5_en.conllu,conllu/conllu_file/en/Sci,en,Sci,1850,96,95,19.270833333333332
conllu/conllu_file/en/Sci/Sci6_en.conllu,Sci6_en.conllu,conllu/conllu_file/en/Sci,en,Sci,1917,82,81,23.378048780487806
conllu/conllu_file/en/Sci/Sci7_en.conllu,Sci7_en.conllu,conllu/conllu_file/en/Sci,en,Sci,2975,154,153,19.318181818181817
conllu/conllu_file/en/Sci/Sci8_en.conllu,Sci8_en.conllu,conllu/conllu_file/en/Sci,en,Sci,2553,97,96,26.31958762886598
conllu/conllu_file/en/Sci/Sci9_en.conllu,Sci9_en.conllu,conllu/conllu_file/en/Sci,en,Sci,3422,176,175,19.443181818181817
conllu/conllu_file/en/Tech/Tech10_en.conllu,Tech10_en.conllu,conllu/conllu_file/en/Tech,en,Tech,2428,119,118,20.403361344537814
conllu/conllu_file/en/Tech/Tech11_en.conllu,Tech11_en.conllu,conllu/conllu_file/en/Tech,en,Tech,2371,107,106,22.1588785046729
conllu/conllu_file/en/Tech/Tech12_en.conllu,Tech12_en.conllu,conllu/conllu_file/en/Tech,en,Tech,3466,181,180,19.14917127071823
conllu/conllu_file/en/Tech/Tech13_en.conllu,Tech13_en.conllu,conllu/conllu_file/en/Tech,en,Tech,2524,146,145,17.28767123287671
conllu/conllu_file/en/Tech/Tech14_en.conllu,Tech14_en.conllu,conllu/conllu_file/en/Tech,en,Tech,2062,91,90,22.65934065934066
conllu/conllu_file/en/Tech/Tech15_en.conllu,Tech15_en.conllu,conllu/conllu_file/en/Tech,en,Tech,1335,62,61,21.532258064516128
conllu/conllu_file/en/Tech/Tech16_en.conllu,Tech16_en.conllu,conllu/conllu_file/en/Tech,en,Tech,1564,72,71,21.72222222222222
conllu/conllu_file/en/Tech/Tech17_en.conllu,Tech17_en.conllu,conllu/conllu_file/en/Tech,en,Tech,1057,48,47,22.020833333333332
conllu/conllu_file/en/Tech/Tech18_en.conllu,Tech18_en.conllu,conllu/conllu_file/en/Tech,en,Tech,1260,62,61,20.322580645161292
conllu/conllu_file/en/Tech/Tech19_en.conllu,Tech19_en.conllu,conllu/conllu_file/en/Tech,en,Tech,1609,77,76,20.896103896103895
conllu/conllu_file/en/Tech/Tech1_en.conllu,Tech1_en.conllu,conllu/conllu_file/en/Tech,en,Tech,1973,65,64,30.353846153846153
conllu/conllu_file/en/Tech/Tech20_en.conllu,Tech20_en.conllu,conllu/conllu_file/en/Tech,en,Tech,1151,53,52,21.71698113207547
conllu/conllu_file/en/Tech/Tech21_en.conllu,Tech21_en.conllu,conllu/conllu_file/en/Tech,en,Tech,2657,112,111,23.723214285714285
conllu/conllu_file/en/Tech/Tech22_en.conllu,Tech22_en.conllu,conllu/conllu_file/en/Tech,en,Tech,2067,96,95,21.53125
conllu/conllu_file/en/Tech/Tech23_en.conllu,Tech23_en.conllu,conllu/conllu_file/en/Tech,en,Tech,2201,117,116,18.811965811965813
conllu/conllu_file/en/Tech/Tech24_en.conllu,Tech24_en.conllu,conllu/conllu_file/en/Tech,en,Tech,2136,132,131,16.181818181818183
conllu/conllu_file/en/Tech/Tech25_en.conllu,Tech25_en.conllu,conllu/conllu_file/en/Tech,en,Tech,2694,144,143,18.708333333333332
conllu/conllu_file/en/Tech/Tech2_en.conllu,Tech2_en.conllu,conllu/conllu_file/en/Tech,en,Tech,1231,61,60,20.18032786885246
conllu/conllu_file/en/Tech/Tech3_en.conllu,Tech3_en.conllu,conllu/conllu_file/en/Tech,en,Tech,1578,85,84,18.564705882352943
conllu/conllu_file/en/Tech/Tech4_en.conllu,Tech4_en.conllu,conllu/conllu_file/en/Tech,en,Tech,1305,75,74,17.4
conllu/conllu_file/en/Tech/Tech5_en.conllu,Tech5_en.conllu,conllu/conllu_file/en/Tech,en,Tech,2074,91,90,22.791208791208792
conllu/conllu_file/en/Tech/Tech6_en.conllu,Tech6_en.conllu,conllu/conllu_file/en/Tech,en,Tech,1181,57,56,20.719298245614034
conllu/conllu_file/en/Tech/Tech7_en.conllu,Tech7_en.conllu,conllu/conllu_file/en/Tech,en,Tech,1660,95,94,17.473684210526315
conllu/conllu_file/en/Tech/Tech8_en.conllu,Tech8_en.conllu,conllu/conllu_file/en/Tech,en,Tech,1479,86,85,17.197674418604652
conllu/conllu_file/en/Tech/Tech9_en.conllu,Tech9_en.conllu,conllu/conllu_file/en/Tech,en,Tech,1761,83,82,21.216867469879517
